Alternative;Adaptation
Alternative;Agriculture
Alternative;Alternative
Alternative;Alternative énergétique
Alternative;Diversification
Alternative;Diversité
Alternative;Hydrocarbure
Alternative;Réorientation
Alternative;Tourisme
Alternative;Décroissance
Alternative;Plantation
Amélioration environnementale;Amélioration
Amélioration environnementale;Eau traitée
Amélioration environnementale;Écologie
Amélioration environnementale;Propre
Amélioration environnementale;Reboisement
Amélioration environnementale;Reforestation
Amélioration environnementale;Réhabilitation
Amélioration environnementale;Réparation
Amélioration environnementale;Revégétalisation
Amélioration environnementale;Conservation
Amélioration environnementale;Écologique
Amélioration environnementale;Forestation
Amélioration environnementale;Interdiction
Amélioration environnementale;Renforcement
Après-nickel;Après-mine
Après-nickel;Après-nickel
Après-nickel;Fonds pour les générations futures
Après-nickel;Après-exploitation
Après-nickel;Fonds souverain
Après-nickel;Ruine
Argent;Argent
Argent;Revenu
Argent;Prime
Argent;Salaire
Automatisation;Automate
Automatisation;Automatisation
Automatisation;Mécanisation
Automatisation;Moderne
Automatisation;Modernisation
Automatisation;Robot
Automatisation;Robotisation
Automatisation;Automatisé
Avenir;Accessibilité
Avenir;Avenir
Avenir;Projection
Avenir;Utilisation
Avenir;Vision
Avenir;20 ans
Avenir;Futur
Avenir;Réflexion
Balance;Balance
Balance;Bien - Mal
Bien de consommation;Surconsommation
Bien de consommation;Voiture
Bien de consommation;Voiture hybride
Calédoniens;Mouvement
Calédoniens;Peuple
Calédoniens;Population
Changement;Changement
Changement;Basculer
Changement;Changement total
Changement climatique;Cyclone
Changement climatique;Réchauffement climatique
Changement climatique;Désastre
Commerce;Commerce
Commerce;Exportation
Commerce;Importation
Commerce;Mercantile
Commerce;Revente
Commerce;Commerce extérieur
Condition de travail;Condition de travail
Condition de travail;Difficile
Condition de travail;Esprit d’équipe
Condition de travail;Horaire
Conflit;Action
Conflit;Conflit
Conflit;Insécurité
Conflit;Problème
Conflit;Désaccord
Conflit;Division
Conflit;Grève
Conflit;Manifestation
Conflit;Tension
Coutume;Coutumier
Coutume;Développement tribal
Coutume;Reconnaissance
Coutume;Respect
Coutume;Tradition
Crise;Crise
Crise;Échec
Crise;Guerre civile
Crise;Menace
Crise;Nouvel ordre mondial
Crise;Pire
Crise;Survivre
Crise;Crise économique
Crise;Crise emploi
Crise;Endettement
Crise;Instabilité
Culture;Culture
Culture;Multiculturel
Culture;Musée
Culture;Sentier touristique
Danger;Danger
Danger;Métier à risque
Danger;Remontée de gaz
Danger;Risque
Déclin;Abandon
Déclin;Abîmé
Déclin;Baisse
Déclin;Déclin
Déclin;Estompage
Déclin;Perdition
Déclin;Perdre
Déclin;Perte
Déclin;Plus assez
Déclin;Assèchement
Déclin;Diminution
Dérive politique;Polémique
Dérive politique;Abus
Dérive politique;Défaillance
Description mine;Charbon
Description mine;Mine
Description mine;Or
Destruction;Déboisement
Destruction;Déforestation
Destruction;Dégât
Destruction;Dégradation
Destruction;Destruction
Développement;Développement
Développement;Évoluer
Développement;Évolution
Développement;Projet
Développement;Train
Développement;Développer
Développement;Réaménagement
Développement;Réorganiser
Développement alternatif;Association
Développement alternatif;Matériau alternatif
Développement alternatif;Mine de matériau
Développement alternatif;Mine énergétique
Développement alternatif;Nouveau minerai
Développement durable;Développement durable
Développement durable;Économie circulaire
Développement durable;Économie durable
Développement durable;Écoresponsable
Développement durable;Énergie renouvelable
Développement durable;Évolution écologique
Développement durable;Prise de conscience
Développement durable;Recyclage
Développement durable;Résilience
Développement durable;Transition énergétique
Développement durable;Autosuffisant
Développement durable;Conscience
Développement durable;Conscience environnementale
Développement durable;Consommation écologique
Développement durable;Économie verte
Développement durable;Énergie verte
Développement durable;Respect environnemental
Développement durable;Respectueux
Développement durable;Transition écologique
Développement durable;Vert
Développement minier;Abondance
Développement minier;Accroissement
Développement minier;Âge d’or
Développement minier;Augmentation
Développement minier;Croissance économique
Développement minier;Découverte
Développement minier;Expansion
Développement minier;Grandir
Développement minier;Lumineux
Développement minier;Rapide
Développement minier;Rapidité
Développement minier;Rendement
Développement minier;Surexploitation
Développement minier;Croissance
Développement minier;Essor
Développement minier;Performance
Développement minier;Performant
Économie;Bénéfice
Économie;Économie
Économie;PIB
Économie;Profit
Économie;Rentable
Économie;Retombée
Emploi;Carrière
Emploi;Chômage
Emploi;Emploi
Emploi;Emploi non-qualifié
Emploi;Employé
Emploi;Métier
Emploi;Sécurité
Emploi;Travail
Emploi;Promesse d’embauche
Emploi;Reconversion
Énergie;Énergie
Engin;Engin
Engin;Foreuse
Engin;Véhicule
Enjeu;Enjeu
Enjeu;Préoccupation
Enjeu;Anti-pollution
Entreprise;Entreprise
Entreprise;Multinationale
Entreprise;Société
Environnement;Conséquence
Environnement;Décharge
Environnement;Dépotoir
Environnement;Disparition
Environnement;Empreinte carbone
Environnement;Environnement
Environnement;GES
Environnement;Impact
Environnement;Préjudice
Environnement;Extinction
Environnement;Impact écologique
Épuisement;Épuisable
Épuisement;Épuisé
Épuisement;Épuisement
Épuisement;Raréfaction
Épuisement;Carence
Épuisement;Insuffisant
Épuisement;Manque
Épuisement;Pénurie
Étude;Diagnostic
Étude;Enquête
Étude;Étude d’impact
Étude;Recherche
Étude;Scientifique
Exploitation;Creusage
Exploitation;Exploitation
Exploitation;Explosif
Exploitation;Extraction
Exploitation;Propreté
Exploitation;Recherche géologique
Famille;Enfant
Famille;Famille
Famille;Jeune
Famille;Maison
Fin;Arrêt
Fin;Asséché
Fin;Cesser
Fin;Désintérêt
Fin;Fin
Fin;Inexistant
Fin;Obsolescence
Fin;Plus rien 
Fin;Rien
Fin;Vide
Fin;Fermeture
Fin;Aucune
Fin;Cessation
Fin;Fini
Fin;Liquidation
Fin;Néant
Fin;Obsolète
Fiscalité;Avantage
Fiscalité;Taxe
Fixiste;Actif
Fixiste;Continuation
Fixiste;Durable
Fixiste;Immobile
Fixiste;Inchangé
Fixiste;Perenne
Fixiste;Persiste
Fixiste;Présence
Fixiste;Présente
Fixiste;Similitude
Fixiste;Stabilité
Fixiste;Capitalisme
Fixiste;Pareil
Foncier;Aménagement
Foncier;Délocalisation
Foncier;Déprivatisation
Foncier;Schéma minier
Foncier;Surface
Foncier;Titre minier
Formation;Formation
Formation;Forme
Formation;Bourse
Formation;Bourse scolaire
Formation;Stage
France;Aide
France;Redevance
France;Remboursement
Hors-sujet;Crayon
Hors-sujet;Embargo
Incertitude;?
Incertitude;Flou
Incertitude;Incertain
Incertitude;Incertitude
Incertitude;Inconnu
Indépendance;Autonomie
Indépendance;Indépendance
Indépendance;Référendum
Indépendance;Réappropriation
Indépendance;Retrait
Indispensable;Vital
Indispensable;Besoin
Indispensable;Impossible
Indispensable;Indispensable
Indispensable;Repère
Indispensable;Important
Indispensable;Utile
Industrie;Industrialisation
Industrie;Industrie
Inégalité;Appauvrissement
Inégalité;Expulsion
Inégalité;Pauvre
Innovation;Efficacité
Innovation;Évolution technologique
Innovation;Innovation
Innovation;Nouveau
Innovation;Nouvelle machine
Innovation;Nouvelle mine
Innovation;Nouvelle technologie
Innovation;Progrès
Innovation;Solution
Innovation;Technique
Innovation;Technologie
Innovation;Drone
Innovation;Efficace
Innovation;Électronique
Innovation;Invention
Innovation;Nouveau procédé
Innovation;Nouveauté
Innovation;Nouvelle technique
Innovation;Progrès technique
Investissement;Capitale
Investissement;Finance
Investissement;Enrichissement
Investissement;Investissement
Justice sociale;Protection
Justice sociale;Économie sociale et solidaire
Justice sociale;Égalité
Justice sociale;Juste
Justice sociale;Partage
Justice sociale;Répartition
Machine;Machine
Main d’oeuvre;Main d’oeuvre
Main d’oeuvre;Mineur
Main d’oeuvre;Humain
Main d’oeuvre;Ouvrier
Main d’oeuvre;Personne
Main d’oeuvre;Personnel humain
Main d’oeuvre;Technicien
Main d’oeuvre;Travailleur
Métallurgie;Hydrométallurgie
Métallurgie;Métallurgie
Métallurgie;Pyrométallurgie
Métallurgie;Sidérurgie
Métallurgie;Scorie
Minerai;Caillou
Minerai;Garniérite
Minerai;Latérite
Minerai;Minerai
Montagne;Montagne
Montagne;Paysage
Nature;Ecosystème
Nature;Forêt
Nature;Lagon
Nature;Nature
Nature;Océan
Nature;Poisson
Nature;Récif
Nature;Rivière
Nature;Végétation
Nature;Biodiversité
Nature;Mer
Nature;Naturel
Nickel;Non-renouvelable
Nickel;Nickel
Nickel;Stratégie
Nickel;Non-durable
Nickel;Qualité
Nouvelle-Calédonie;Bénéfique
Nouvelle-Calédonie;Décentralisation
Nouvelle-Calédonie;Image
Nouvelle-Calédonie;Local
Nouvelle-Calédonie;Nord
Nouvelle-Calédonie;Nouvelle-Calédonie
Nouvelle-Calédonie;Pays
Nouvelle-Calédonie;Point fort
Nouvelle-Calédonie;Province Sud
Nouvelle-Calédonie;Sud
Nouvelle-Calédonie;Emblématique
Nuisance;Bruyant
Nuisance;Nuisance
Nuisance;Poussière
Nuisance;Sale
Opérateur;Compagnie
Opérateur;Prony Ressource
Opérateur;SLN
Opérateur;Eramet
Opérateur;KNS
Opérateur;Vale
Outil;Outil
Politique;Droit
Politique;Entente
Politique;Interrogation
Politique;Politique
Politique;Rebondissement
Politique;Implication
Politique;Opportunité
Pollution;Déchet
Pollution;Pollution
Pollution;Rejet
Pollution;CO2
Pollution;Polluant
Pollution;Pollué
Procédé industriel;Chaîne de production
Procédé industriel;Complexe
Procédé industriel;Gestion
Procédé industriel;Logique
Procédé industriel;Organisation
Procédé industriel;Procédé
Procédé industriel;Produit chimique
Procédé industriel;Traitement
Procédé industriel;Transformation
Procédé industriel;Laboratoire
Procédé industriel;Maintenance
Procédé industriel;Précision
Procédé industriel;Purification
Procédé industriel;Uniformisation
Production;Acier
Production;Batterie
Production;Production
Production;Sous-produit
Production;Lithium
Production;Production propre
Production;Produit fini
Puissance étrangère;Chine
Puissance étrangère;Chinois
Puissance étrangère;Concurrence
Puissance étrangère;Rachat
Puissance étrangère;Convoitise
Puissance étrangère;Vol
Raisonné;Limité
Raisonné;Meilleur exploitation
Raisonné;Quota
Raisonné;Raissonnable
Raisonné;Ralentissement
Raisonné;Rationalisation
Raisonné;Régulation
Raisonné;Exploitation raisonnée
Relation internationale;Demande
Relation internationale;Échange
Relation internationale;International
Relation internationale;Monde
Relation internationale;Partenariat
Relation internationale;Coopération
Relation internationale;Échange international
Relation internationale;Mondialisation
Relation internationale;Ouverture
Ressource;Rare
Ressource;Ressource
Ressource;Contrainte
Ressource;Demandé
Ressource;Éphémère
Ressource;Frein
Ressource;Inexploitable
Ressource;Remplaçable
Revalorisation;Revalorisation
Revalorisation;Valeur
Revalorisation;Valorisation
Revalorisation;Cours
Revalorisation;Valeur économique
Richesse;Richesse
Richesse;Atout
Richesse;Potentiel
Santé;Maladie
Santé;Santé
Santé;Cafat
Secteur nickel;Activité
Secteur nickel;Activité minière
Secteur nickel;Dette
Secteur nickel;Faillite
Secteur nickel;Grand
Secteur nickel;Vieillot
Sécurité;Prévention
Sentiment négatif;Défaitiste
Sentiment négatif;Inutile
Sentiment négatif;Mal-être
Sentiment négatif;Maléfique
Sentiment négatif;Malheur
Sentiment négatif;Malhonnêteté
Sentiment négatif;Égoïste
Sentiment négatif;Individuel
Sentiment négatif;Matérialiste
Sentiment négatif;Néfaste
Sentiment négatif;Négatif
Sentiment négatif;Pessimisme
Sentiment négatif;Pessimiste
Sentiment positif;Espoir
Sentiment positif;Tranquilité
Sentiment positif;Bien-être
Sentiment positif;Paix
Sentiment positif;Positive
Site minier;Thio
Site minier;Zone de travail
Site minier;Site minier
Social;Liens
Social;Social
Social;USOENC
Sous-traitance;Fournisseur
Structure;Bâtiment
Structure;Structure
Structure;Infrastructure
Terre;Terre
Usine;Koniambo
Usine;Usine
Usine;Usine Doniambo
Usine;Restructuration
Vision opérateur;Dominance
Vision opérateur;Fédération
Vision opérateur;Intérêt
Vision opérateur;Mafia
Vision opérateur;Responsabilité
Misc;Identification
Misc;Mixte
Misc;Réalisation
Misc;Secondaire
Misc;Véridique
Misc;Total